Alpha,Coef,Aero,Alpha,Beta,p,q,r,Mach,U,ConGrp_1,ConGrp_2,ConGrp_3,ConGrp_4
-12,CD,0.0504817,-0.409655,0.0469523,0.0058328,0.8513381,0.005257,0.0036522,0.00047248,0.0932296,-0.0737541,0.00377574,0.0021981
-11,CD,0.0427268,-0.4072962,0.0031069,0.0001563,0.7471246,0.0112622,0.004786,0.000402429,0.07486964,-0.0661653,0.00264707,0.00115051
-10,CD,0.0359796,-0.3621898,0.0034113,0.0002143,0.9290189,-0.0020062,0.0043378,0.000333957,0.05946181,-0.0590294,0.00177271,0.00038078
-9,CD,0.0300158,-0.3269679,-0.0325476,0.003009,0.6571258,0.015629,0.0029793,0.000268271,0.04665031,-0.0522966,0.00112373,-0.0001461
-8,CD,0.0249607,-0.3847589,-0.0810361,0.0009066,0.4150524,-0.0365915,0.0018295,0.000206576,0.03607936,-0.0459176,0.00067121,-0.0004652
-7,CD,0.0202969,-0.441099,-0.0798153,-0.0085851,0.2720582,0.0243777,0.0013212,0.000150079,0.02739316,-0.0398427,0.00038622,-0.0006116
-6,CD,0.0165189,-0.1970032,0.01723,-0.0000747,0.4122328,-0.0159323,0.0001537,1.00E-04,0.02023592,-0.0340225,0.00023984,-0.0006202
-5,CD,0.013529,-0.161163,0.0231341,-0.004784,0.2668192,-0.0097467,0.0004331,5.75E-05,0.01425186,-0.0284075,0.00020315,-0.0005262
-4,CD,0.011054,-0.0667674,-0.0316421,-0.0026282,0.3787816,0.0196814,0.0000811,2.38E-05,0.00908518,-0.022948,0.00024722,-0.0003646
-3,CD,0.0096006,-0.0592287,0.0050318,0.0001884,0.1502897,0.0012877,0.0001509,-9.38E-06,0.00323437,-0.0178735,0.00050151,-0.0003073
-2,CD,0.0087383,-0.0325646,0.0269428,-0.0009333,0.0542597,-0.0002756,0.0000157,-1.24E-05,-0.0017314,-0.0131084,0.00047992,-7.98E-05
-1,CD,0.0085956,0.0121032,0.0081412,-0.0016039,-0.0340778,-0.0006684,0.0000208,-2.13E-06,-0.0069768,-0.0064025,0.00046809,3.02E-05
0,CD,0.0091594,0.0529193,-0.0001725,-0.0006749,-0.1288851,-0.0007029,0.0001342,1.76E-05,-0.012103,-0.0010098,0.00040788,4.96E-05
1,CD,0.0104324,0.0938368,-0.0002578,-0.0007161,-0.217487,-0.0002259,0.0004264,4.52E-05,-0.0187123,0.00423808,0.00037911,0.00015019
2,CD,0.012422,0.134765,-0.0002472,-0.0007243,-0.3084237,-0.000322,0.0008964,8.47E-05,-0.0263774,0.00826361,0.00027809,0.00011342
3,CD,0.015131,0.1757176,0.0019905,-0.0008141,-0.3950141,0.0004049,0.0013371,0.000130989,-0.0351548,0.0158304,0.00021492,0.00015017
4,CD,0.0185614,0.2172591,-0.000711,-0.0008148,-0.4865272,-0.0002705,0.0019424,0.000190125,-0.0427985,0.02124967,0.00021852,-0.0002065
5,CD,0.0227043,0.2587069,-0.0007177,-0.0008675,-0.571402,-0.0002203,0.0026949,0.000260291,-0.0517259,0.02760605,0.00027857,-0.0001204
6,CD,0.0275902,0.3001524,-0.0402185,-0.0057192,-0.6559434,-0.0003999,0.0030039,0.000341605,-0.0607622,0.03405108,0.00034293,-3.80E-05
7,CD,0.0331683,0.3414433,-0.001043,-0.0009535,-0.7500698,-0.000358,0.0043746,0.000434164,-0.0697743,0.04053402,0.00040225,1.80E-05
8,CD,0.039508,0.3835699,-0.001094,-0.0010504,-0.8270546,-0.0006111,0.0054428,0.000538067,-0.0786289,0.04700414,0.00044721,2.49E-05
9,CD,0.0465738,0.4280867,-0.0019755,-0.0009328,-0.9001014,-0.0006515,0.0066529,0.00065341,-0.0871928,0.05341071,0.00046845,-3.98E-05
10,CD,0.0543767,0.4682914,-0.0033024,-0.000845,-0.9372899,0.0249157,0.0080077,0.000780292,-0.0953329,0.05970299,0.00045664,-0.0001986
11,CD,0.0629612,0.5107185,-0.0014148,-0.0010412,-1.2321938,-0.0227431,0.0089979,0.00091881,-0.102916,0.06583025,0.00040244,-0.0004743
12,CD,0.0722474,0.5528648,0.0049585,-0.0005034,-1.1225809,-0.0004629,0.0106836,0.001069062,-0.1098089,0.07174176,0.0002965,-0.0008893
13,CD,0.180093,1.1051613,-0.0135163,0.0006754,-0.3464883,0.0505585,0.0381282,0.0038128,-0.3391774,0.0972294,0.0588517,0.0176405
14,CD,0.1983332,0.8376045,-0.0148173,-0.0275129,-0.6835779,-0.0265607,0.0385056,0.0038506,-0.3239141,0.1064746,0.0073526,0.0053927
15,CD,0.2172277,1.0401797,-0.0200309,0.0014933,-0.4742373,0.001049,0.0397527,0.0039753,-0.3077403,0.118624,0.0412886,0.0078185
16,CD,0.2350571,0.9781793,-0.0350198,-0.0095631,-0.6071319,0.0087479,0.0391432,0.0039143,-0.272635,0.1277302,0.044065,0.0270481
17,CD,0.2516416,0.9486962,-0.0191726,-0.0018437,-0.6529101,0.003952,0.0392286,0.0039229,-0.2386704,0.1362584,0.0634502,0.0173464
18,CD,0.2674407,0.9341402,-0.0185016,-0.0405539,-0.6313817,0.0183394,0.0374131,0.0037413,-0.2213889,0.1436209,0.0330444,0.0161706
19,CD,0.2833509,0.9131966,0.0095281,-0.030132,-0.6656002,0.0385257,0.0329448,0.0032945,-0.2013887,0.155691,0.040173,0.0187517
20,CD,0.301701,0.9077808,-0.0643139,-0.0411115,-0.548344,-0.0334299,0.0332027,0.0033203,-0.1952718,0.1867104,0.0151588,0.0177147
21,CD,0.3169502,0.9349321,0.0677129,-0.0744347,-0.4903186,0.001592,0.0463311,0.0046331,-0.1812171,0.2014224,0.0152118,0.015374
22,CD,0.3336283,0.9456862,-0.0104498,-0.0491837,-0.0298966,0.0681623,0.0491503,0.004915,-0.1739559,0.2218679,0.0245256,0.0187813
23,CD,0.3504612,0.9668537,-0.0020883,-0.0594954,-0.1745089,0.0171159,0.0534853,0.0053485,-0.1736027,0.2375245,0.0010125,0.0202129
24,CD,0.3676303,0.9864206,0.0010618,-0.0543791,-0.0403873,0.037908,0.0557851,0.0055785,-0.1705158,0.2488884,-0.0038603,0.019045
25,CD,0.3848523,0.9767785,-0.0648229,-0.0556624,-0.0002982,0.0352264,0.0866262,0.0086626,-0.1711471,0.257404,0.0029126,0.0139883
-12,CFx,-0.1237504,1.4404625,0.1181073,0.0161452,3.3806662,0.0151298,-0.0098802,-0.000988,-0.0714958,0.0530758,0.0122458,0.0118419
-11,CFx,-0.1017422,1.211043,0.000691,0.0018662,3.055677,0.0069683,-0.0075998,-0.00076,-0.0769495,0.0392207,0.0006706,-0.0000797
-10,CFx,-0.0815756,1.0971029,0.0010219,0.0016695,2.8270938,-0.000788,-0.0058102,-0.000581,-0.0733457,0.0452452,0.0005065,-0.0000948
-9,CFx,-0.0634308,0.975748,-0.0337011,0.0042894,2.408609,0.0159326,-0.0048686,-0.0004869,-0.0717042,0.0300005,-0.0000159,-0.0005293
-8,CFx,-0.0472719,0.8405601,-0.0436757,0.0002897,2.3008891,0.0085644,-0.0037895,-0.0003789,-0.0657637,0.0242735,0.000724,0.0005143
-7,CFx,-0.0331151,0.5645351,-0.0770698,-0.0100641,1.6442147,0.0185105,-0.0028557,-0.0002856,-0.0781909,0.0226528,-0.0001488,-0.0012302
-6,CFx,-0.0210775,0.6393513,-0.0034828,-0.0015017,1.527661,-0.0120744,-0.0025505,-0.000255,-0.0733055,0.0172752,0.0003952,0.0001159
-5,CFx,-0.0109085,0.5074309,0.0251896,-0.0016182,1.1632144,-0.0078539,-0.0010562,-0.0001056,-0.045871,0.0146563,0.0005714,0.0011793
-4,CFx,-0.0030177,0.4452666,-0.0385682,-0.0026937,1.1039551,0.0243251,-0.0007512,-0.0000751,-0.0546805,0.0150462,0.0015753,0.0026055
-3,CFx,0.0031613,0.2926553,0.0027573,0.0003577,0.697736,0.0009091,-0.000158,-0.0000158,-0.032055,0.0082721,0.0005055,-0.0000171
-2,CFx,0.0071857,0.1698674,0.0201472,-0.0004387,0.4184538,0.0000348,0.0000685,0.0000068,-0.0256038,0.0049019,0.0003093,-0.0000294
-1,CFx,0.0091859,0.0557525,0.0080742,-0.0014702,0.1446474,-0.0005896,0.0001739,0.0000174,-0.0175323,0.002438,-0.0009999,-0.0007667
0,CFx,0.0091594,-0.0598921,-0.0000218,-0.0006749,-0.1288851,-0.0007029,0.0001342,0.0000134,-0.0113496,-0.0014106,0.0005286,0.0000183
1,CFx,0.0071113,-0.1754349,0.0000763,-0.0008327,-0.3957749,-0.0003631,0.0000052,0.0000005,-0.0044273,-0.004353,0.0005051,0.0000383
2,CFx,0.003047,-0.2910149,0.0002574,-0.0009591,-0.6667449,-0.0005896,-0.000157,-0.0000157,0.0024588,-0.0073622,0.0004858,-0.0001111
3,CFx,-0.0030267,-0.4066126,0.0005397,-0.0011726,-0.9399664,-0.0005269,-0.0006652,-0.0000665,0.0091397,-0.0106187,0.0005179,-0.0000466
4,CFx,-0.0111254,-0.5223007,0.0003282,-0.0013198,-1.2147927,-0.000897,-0.0012657,-0.0001266,0.0162681,-0.0136251,0.0004456,-0.000237
5,CFx,-0.0212476,-0.6379446,0.0007964,-0.0014855,-1.4915699,-0.0009137,-0.0019457,-0.0001946,0.0227727,-0.0167416,0.000445,0.0014888
6,CFx,-0.0333693,-0.753281,-0.0876373,-0.0123596,-1.7734225,-0.001186,-0.0032028,-0.0003203,0.020707,-0.0199946,0.0004785,-0.0001048
7,CFx,-0.0475298,-0.86983,0.0011572,-0.0017644,-2.0688005,-0.0015133,-0.0037581,-0.0003758,0.0357725,-0.0240549,0.0004154,-0.0002812
8,CFx,-0.0636873,-0.9849321,0.0010802,-0.0019344,-2.3556861,-0.0016693,-0.0049091,-0.0004909,0.0422404,-0.0275766,0.0004262,-0.0000739
9,CFx,-0.0818928,-1.0991531,0.0006216,-0.0020649,-2.650759,-0.0019005,-0.0061484,-0.0006148,0.0486063,-0.031114,0.0003094,-0.0001256
10,CFx,-0.1021032,-1.21591,0.0008541,-0.0022528,-2.9389005,0.0173981,-0.0075543,-0.0007554,0.0551078,-0.0185747,0.0004092,-0.0002422
11,CFx,-0.1243011,-1.3312358,0.0023781,-0.0022926,-3.3626889,-0.0147779,-0.0092686,-0.0009269,0.0612243,-0.0489885,0.0003283,-0.0000882
12,CFx,-0.1485523,-1.4462646,0.0103849,-0.001896,-3.5774307,-0.0021316,-0.0107287,-0.0010729,0.0681517,-0.0429211,0.0006875,-0.000022
13,CFx,-0.1076179,-0.9763457,-0.0039183,0.0049978,-2.7892544,0.0662785,0.0164794,0.0016479,-0.2076369,-0.0242161,0.0647364,0.0175523
14,CFx,-0.1248432,-1.1206938,-0.0039383,-0.0189008,-3.0755869,-0.026752,0.0222556,0.0022256,-0.274101,-0.0257727,0.0030763,0.0051185
15,CFx,-0.1392237,-0.7719926,-0.006564,0.0114434,-2.8297983,-0.002075,0.0305009,0.0030501,-0.3473342,-0.0271085,0.030412,0.0060721
16,CFx,-0.1503256,-0.5438628,-0.0131261,0.0021608,-2.7725501,0.0072329,0.0405634,0.0040563,-0.4040002,-0.0313254,0.0365029,0.0176828
17,CFx,-0.1577134,-0.285839,-0.0024431,0.0046458,-2.6304887,0.0008522,0.0509167,0.0050917,-0.4426681,-0.0361928,0.0398884,0.0098088
18,CFx,-0.1613678,-0.0666923,-0.000706,-0.0213496,-2.5997357,0.0042918,0.0507259,0.0050726,-0.4743451,-0.0433446,0.0379252,0.0057393
19,CFx,-0.1617923,0.1007688,0.0038808,-0.0196972,-2.5619122,0.0400932,0.0731541,0.0073154,-0.4788086,-0.0477232,0.0318041,0.0032799
20,CFx,-0.1587327,0.1936276,-0.098813,-0.0372675,-2.6690985,-0.0499199,0.0781831,0.0078183,-0.4819429,-0.0522924,0.0276823,0.0008136
21,CFx,-0.153882,0.29495,0.0996596,-0.044684,-2.7749608,0.0127156,0.0784564,0.0078456,-0.4693624,-0.0612877,0.021029,0.0035881
22,CFx,-0.1484028,0.3156651,-0.0076896,-0.0229254,-2.607116,0.0733183,0.0810547,0.0081055,-0.4527568,-0.0707343,0.0332629,0.0049213
23,CFx,-0.1425974,0.318668,-0.0050273,-0.0464652,-3.2380597,0.012891,0.0812369,0.0081237,-0.439499,-0.085485,0.0058898,0.004086
24,CFx,-0.1373523,0.288973,0.0001169,-0.0446981,-3.5390296,0.0030518,0.0828763,0.0082876,-0.4195213,-0.1026777,0.0055083,0.0041437
25,CFx,-0.1328791,0.2282114,0.0300307,-0.0557477,-3.9208257,0.0131669,0.0854904,0.008549,-0.3969565,-0.1219415,0.0177233,-0.0014898
-12,CFy,-0.0013494,0.0467706,-0.229823,0.0214167,0.0758154,0.2256965,0.0035916,0.0003592,0.003272,0.0069993,0.0322871,-0.1854598
-11,CFy,-0.0008833,0.0048723,-0.2692535,0.0137791,0.0026582,0.2323809,-0.000027,-0.0000027,-0.0014059,0.0026089,0.0267135,-0.1898873
-10,CFy,-0.0007864,0.0036852,-0.2697058,0.0093779,0.4296382,0.2222626,-0.0001728,-0.0000173,-0.001041,0.0424549,0.0252243,-0.1900902
-9,CFy,-0.0007207,0.0065594,-0.2787882,0.005276,0.0141661,0.2241946,-0.0001697,-0.000017,-0.0015013,-0.0001667,0.0241155,-0.1901712
-8,CFy,-0.000645,-0.1055467,-0.3343779,0.0058617,-0.2019277,0.2304291,-0.000403,-0.0000403,-0.0199109,-0.0008817,0.0218157,-0.190001
-7,CFy,-0.0004496,-0.0527687,-0.298821,0.0009107,-0.1067823,0.3253691,-0.000066,-0.0000066,0.0021165,0.0000007,0.0226981,-0.1887824
-6,CFy,-0.0004389,0.0069539,-0.2541431,-0.0151168,-0.0318213,0.3388177,-0.0001055,-0.0000105,0.0575693,-0.0000288,0.0207397,-0.1889304
-5,CFy,-0.0000005,-0.0732943,-0.1183503,-0.0070368,-0.2252534,0.163291,-0.0009621,-0.0000962,0.0036973,-0.0034658,0.0140533,-0.2066116
-4,CFy,-0.0002127,-0.0002095,-0.2612247,-0.0225244,0.0025171,0.2298274,-0.000057,-0.0000057,0.0019397,0.0005654,0.0185493,-0.1911496
-3,CFy,-0.0001203,0.0346091,-0.2559532,-0.0242918,0.0233681,0.2318856,0.0000019,0.0000002,0.0005704,0.0002629,0.0170275,-0.1884592
-2,CFy,-0.0000155,0.016376,-0.1842658,-0.0317825,0.0148235,0.2417718,-0.0001418,-0.0000142,-0.0014042,0.0013877,0.0165555,-0.1891763
-1,CFy,0.000106,0.0054918,-0.3074316,-0.0309763,0.0135161,0.231786,-0.0002104,-0.000021,-0.0038151,-0.0025896,0.0082334,-0.1906607
0,CFy,0.0001978,0.0060592,-0.2743,-0.0404542,0.0070243,0.2451355,-0.0001477,-0.0000148,-0.000761,0.0007173,0.0130704,-0.1872091
1,CFy,0.0002909,0.0065808,-0.2733488,-0.0462739,0.0180038,0.245343,-0.0000888,-0.0000089,-0.000991,0.0007251,0.0120662,-0.1866801
2,CFy,0.0003848,0.0063064,-0.2730922,-0.0527971,0.0165907,0.2480447,0.0004385,0.0000439,-0.0008795,0.0008436,0.0112455,-0.1866254
3,CFy,0.0005116,0.0062337,-0.2834681,-0.059031,0.0198395,0.2521424,0.0001214,0.0000121,-0.0009331,0.0009697,0.0112914,-0.1855232
4,CFy,0.0006094,0.0086608,-0.2804404,-0.0655393,0.0216207,0.2539732,-0.0001015,-0.0000102,-0.0036278,0.0010386,0.0096753,-0.1856055
5,CFy,0.0006814,0.0056451,-0.2839041,-0.0722274,0.0176534,0.2568953,0.0001221,0.0000122,-0.0007617,0.0011459,0.0089679,-0.1726237
6,CFy,0.0008231,0.0069608,-0.5730731,-0.1137213,0.0222545,0.2622864,-0.0004317,-0.0000432,-0.0369323,0.0011814,0.0084874,-0.1841302
7,CFy,0.0009083,0.0067329,-0.2981527,-0.0871922,0.013346,0.2663729,0.000171,0.0000171,-0.001104,0.0012997,0.0078105,-0.1833827
8,CFy,0.0010239,0.0043282,-0.3072125,-0.0942588,0.0145239,0.273353,0.0001839,0.0000184,-0.0013211,0.0013541,0.0070564,-0.1822396
9,CFy,0.0010697,0.0062917,-0.3087259,-0.1008543,0.0122155,0.2797156,0.0001736,0.0000174,-0.0012283,0.0014733,0.0063733,-0.1809865
10,CFy,0.0011632,-0.0026647,-0.3307859,-0.1068221,-0.0358167,0.210988,0.0000886,0.0000089,-0.0012932,-0.0616633,0.0054271,-0.1804324
11,CFy,0.0013196,0.0041566,-0.3307595,-0.1128309,-0.3622645,0.2437531,-0.002851,-0.0002851,-0.0013723,-0.0389723,0.00415,-0.1787959
12,CFy,0.0014619,0.006529,-0.3353477,-0.1167663,0.016385,0.2987286,-0.002647,-0.0002647,-0.001459,0.0015608,0.0027215,-0.179729
13,CFy,0.0016109,-0.022985,-0.2754753,-0.1041406,-0.0336638,0.2876735,0.0006154,0.0000615,-0.0046797,0.0015622,-0.0157338,-0.1344244
14,CFy,0.001794,0.0061817,-0.2207405,-0.0945042,0.0443728,0.2784579,0.000684,0.0000684,-0.0094294,0.0023631,-0.0336893,-0.1313509
15,CFy,0.002027,0.0219648,-0.1417247,-0.0355678,0.073792,0.2343395,0.0005503,0.000055,-0.0035762,0.0017357,-0.03583,-0.1166549
16,CFy,0.0026629,-0.1872251,-0.8494297,-0.2771032,-0.2099418,0.4338598,0.0007676,0.0000768,-0.1091388,0.0071898,-0.0182967,-0.1688711
17,CFy,0.0015922,-0.0590616,-1.2454104,-0.3333805,-0.8746906,0.3613742,0.0030553,0.0003055,0.028862,0.0008736,-0.05651,-0.2114325
18,CFy,0.001763,0.0410043,-1.1919592,-0.5221796,4.1881288,1.054423,0.0100973,0.0010097,0.0064756,-0.0067707,-0.0304227,-0.2708628
19,CFy,0.0023646,-0.0114588,-0.148245,0.1845416,-0.2114222,0.1973272,-0.02025,-0.002025,-0.0268987,0.0016977,-0.0438984,-0.1226481
20,CFy,0.0023893,-0.022652,-0.1580386,-0.117921,0.0506493,0.333456,0.0035232,0.0003523,-0.008099,-0.00173,-0.0339147,-0.1292878
21,CFy,0.0022224,-0.0097605,0.3767329,-0.0204375,-0.1653881,0.3286687,0.000265,0.0000265,0.0794529,0.0014114,-0.0339576,-0.1296033
22,CFy,0.0021953,0.0108849,-0.3430811,-0.0675787,-0.041846,0.2674391,-0.0000299,-0.000003,-0.0083158,0.0014713,-0.025005,-0.1373894
23,CFy,0.0022841,0.0102958,-0.3301428,-0.0585795,0.0232071,0.3340401,-0.0000371,-0.0000037,0.0017664,0.0031082,-0.0231563,-0.14343
24,CFy,0.0024236,0.0085085,-0.364549,-0.0555845,0.0493312,0.3474998,0.000035,0.0000035,-0.0000872,0.0055722,-0.0178439,-0.1445022
25,CFy,0.0025879,0.0151389,-0.3764816,-0.0603079,0.0876311,0.3757705,0.0012103,0.000121,0.001276,0.0070971,-0.014581,-0.134399
-12,CFz,-0.8250036,4.746215,0.3364848,0.0479029,11.8100738,0.0458955,-0.0640487,-0.0064049,-0.7603379,0.6175964,0.0308383,0.0384821
-11,CFz,-0.7473428,4.4225269,-0.007872,0.0087817,11.8045328,-0.0231746,-0.0641806,-0.0064181,-0.7953541,0.5670001,-0.0023535,0.0014272
-10,CFz,-0.6698365,4.4319009,-0.0090675,0.0082344,10.683239,0.007084,-0.0579313,-0.0057931,-0.8014348,0.5130512,-0.0026775,0.0002695
-9,CFz,-0.5923609,4.452367,0.0001799,0.0078475,11.0067125,0.0006871,-0.0497846,-0.0049785,-0.8026326,0.5462858,-0.0028253,-0.0003054
-8,CFz,-0.5157067,5.035171,0.276538,-0.0044528,13.3894021,0.3238592,-0.040109,-0.0040109,-0.6931822,0.5272484,-0.0007477,0.0006768
-7,CFz,-0.436247,4.6378264,0.0313451,-0.011521,11.1586777,-0.0492758,-0.0340987,-0.0034099,-0.797698,0.5186749,-0.0020491,-0.0023418
-6,CFz,-0.3585721,4.5426843,-0.1933625,-0.0135736,10.5909864,0.037541,-0.0257368,-0.0025737,-0.7966176,0.5084915,-0.0025827,-0.0013055
-5,CFz,-0.2799119,4.4477324,0.0227136,0.0363943,10.2341938,0.0220605,-0.0170421,-0.0017042,-0.7869954,0.514265,-0.0085363,0.0509525
-4,CFz,-0.2016208,4.4495999,-0.0942544,-0.0008442,10.3572368,0.0657202,-0.0119054,-0.0011905,-0.8219014,0.5051384,0.0002214,-0.0017667
-3,CFz,-0.1231199,4.3844272,-0.0403938,0.0032242,10.4419631,-0.0072577,-0.0058967,-0.0005897,-0.8332715,0.4983961,-0.0024216,-0.0040896
-2,CFz,-0.0446118,4.5498827,-0.193727,0.0141804,10.4282067,0.0088956,0.0015125,0.0001512,-0.8168156,0.4966923,0.0039029,-0.0028989
-1,CFz,0.0337419,4.4876539,-0.0069526,0.0076681,10.2394573,0.004523,0.0087692,0.0008769,-0.8347352,0.483716,-0.0023766,-0.0048613
0,CFz,0.1120294,4.4855278,-0.0076519,0.0066233,10.2108807,0.0098321,0.0164789,0.0016479,-0.836887,0.4813579,-0.002061,-0.005048
1,CFz,0.1903539,4.4843148,-0.0051546,0.0066726,10.2122097,0.0078584,0.0241332,0.0024133,-0.8392785,0.4803262,-0.0019503,-0.0062868
2,CFz,0.2686794,4.4817527,-0.0047631,0.0067111,10.2555938,0.0076579,0.0301804,0.003018,-0.8406315,0.4807337,-0.0019575,-0.0034034
3,CFz,0.3468662,4.4795334,0.0365884,0.0068184,10.3879647,0.0177915,0.0382409,0.0038241,-0.8422493,0.4846197,0.0028215,-0.003684
4,CFz,0.4251893,4.4809175,-0.0068271,0.0071926,10.3976912,0.0089501,0.0459449,0.0045945,-0.8596279,0.4920187,-0.0016273,-0.0026509
5,CFz,0.5033628,4.4763397,-0.0100656,0.0070261,10.4926189,0.0079159,0.0531604,0.005316,-0.8443978,0.497625,-0.0015244,0.0169581
6,CFz,0.5814371,4.4655816,0.4559924,0.0628797,10.5977266,0.0074586,0.0592105,0.0059211,-0.8320963,0.5043769,-0.0013467,-0.0129634
7,CFz,0.6592616,4.4626568,-0.0109339,0.0065459,10.6943231,0.0093871,0.0665025,0.0066503,-0.8474898,0.5101665,-0.0012518,-0.0027589
8,CFz,0.7370355,4.4505775,-0.0085499,0.0062168,10.8189452,0.0074867,0.0740382,0.0074038,-0.8494279,0.5177321,-0.0011988,-0.0014196
9,CFz,0.8147717,4.4450803,-0.0100333,0.0070739,10.9823776,0.0078348,0.0813483,0.0081348,-0.8499792,0.528191,-0.0001131,-0.0015409
10,CFz,0.892199,4.4259703,-0.017468,0.0079101,11.2696951,0.0448144,0.088957,0.0088957,-0.8528355,0.5710515,-0.0006128,-0.0011245
11,CFz,0.9694436,4.4093913,-0.0130069,0.0063379,10.8418003,-0.0431673,0.0948392,0.0094839,-0.8556762,0.5058791,0.0000637,-0.0013828
12,CFz,1.0463747,4.3880893,-0.0182283,0.0064986,11.4311722,0.007802,0.10186,0.010186,-0.8588674,0.5619961,-0.0003242,-0.0023601
13,CFz,1.2667322,3.5446965,-0.0360964,-0.0186456,10.5413049,-0.0623307,0.0981154,0.0098115,-0.6084088,0.5371162,-0.0187843,0.0023919
14,CFz,1.320542,2.5340047,-0.0381248,-0.0379194,9.5098912,-0.0024944,0.069903,0.0069903,-0.2395609,0.5434885,0.0180541,0.0017619
15,CFz,1.3588933,1.6882175,-0.0450871,-0.0369375,8.7286387,0.0117968,0.0397618,0.0039762,0.1072515,0.5594983,0.0460278,0.007547
16,CFz,1.3770243,0.4925651,-0.0720763,-0.0422299,7.4663838,0.0065127,0.0005486,0.0000549,0.4198087,0.5726442,0.0325654,0.0364617
17,CFz,1.376548,-0.4801335,-0.0528075,-0.0215018,6.3707901,0.0107296,-0.0323674,-0.0032367,0.6315769,0.5844266,0.0865498,0.0272468
18,CFz,1.3620952,-1.1245989,-0.0525921,-0.065528,5.9579695,0.046139,-0.0350469,-0.0035047,0.7434546,0.5981681,-0.0097877,0.0346653
19,CFz,1.3402064,-1.5408814,0.0252551,-0.0353472,5.3959068,0.0018947,-0.1112631,-0.0111263,0.7719851,0.6168116,0.0310276,0.0480712
20,CFz,1.3182293,-1.6574464,0.0904271,-0.0178104,5.7300371,0.0394112,-0.1177283,-0.0117728,0.7531909,0.6895767,-0.0317352,0.0495591
21,CFz,1.2853032,-1.6608377,-0.064212,-0.0912988,5.8608211,-0.0286829,-0.0751025,-0.0075102,0.7170574,0.7217148,-0.0123351,0.0335527
22,CFz,1.2579197,-1.517895,-0.0030847,-0.074552,6.3730305,0.000488,-0.0694121,-0.0069412,0.6562429,0.7673426,-0.0168584,0.0379554
23,CFz,1.2328756,-1.3226542,0.0122756,-0.0428017,7.181769,0.0134353,-0.0544969,-0.0054497,0.5910925,0.8092874,-0.0112841,0.042105
24,CFz,1.2123516,-1.0836214,0.008229,-0.0333023,7.8494947,0.0863459,-0.0489902,-0.004899,0.5230312,0.8425331,-0.0218626,0.037517
25,CFz,1.1955981,-0.874547,-0.2117376,-0.0121572,8.4075321,0.0551161,0.0216405,0.002164,0.4463076,0.8705742,-0.0311159,0.0362941
-12,CL,-0.8327044,4.891505,0.3536877,0.0502128,12.2548754,0.0480383,-0.0647033,-0.00682888,-0.7789069,0.592434,0.01992461,0.02049071
-11,CL,-0.7530253,4.5296292,-0.0075955,0.0089764,12.170701,-0.0214192,-0.0644516,-0.00618536,-0.7758317,0.57061561,0.01085362,0.01501239
-10,CL,-0.6738256,4.5191052,-0.0087523,0.0083992,11.0118563,0.0068396,-0.0580601,-0.00552145,-0.7753505,0.55223574,0.00404563,0.01071018
-9,CL,-0.5949907,4.5201809,-0.0050943,0.0084219,11.2479911,0.0031711,-0.0499332,-0.00483967,-0.7771203,0.53698367,-0.0007673,0.00743772
-8,CL,-0.5172669,5.0782139,0.2677683,-0.0043691,13.5793192,0.3218994,-0.040246,-0.00414255,-0.7807981,0.52454868,-0.0038533,0.00504866
-7,CL,-0.437031,4.6517983,0.021719,-0.0126616,11.275882,-0.0466526,-0.0341925,-0.0034326,-0.7860409,0.51462003,-0.0054801,0.00339665
-6,CL,-0.358811,4.5681136,-0.1926673,-0.0136562,10.6926519,0.0360732,-0.0258624,-0.00271236,-0.7925058,0.50688701,-0.0059159,0.00233533
-5,CL,-0.2797975,4.4615078,0.0248226,0.0361148,10.2966304,0.0212921,-0.0170693,-0.00198436,-0.7998498,0.50103888,-0.0054286,0.00171835
-4,CL,-0.2013402,4.4587613,-0.0967152,-0.0010301,10.4090151,0.0672569,-0.0119288,-0.0012511,-0.8077299,0.49676493,-0.0042861,0.00139935
-3,CL,-0.1227857,4.384134,-0.0401941,0.0032385,10.4641695,-0.0072002,-0.0058969,-0.00048239,-0.8136089,0.49516886,-0.0017193,0.00165558
-2,CL,-0.0443338,4.5443029,-0.1929059,0.0141564,10.436458,0.0088914,0.0015139,0.000244048,-0.8232082,0.492528,-0.0014545,0.00208287
-1,CL,0.033897,4.4793487,-0.0068107,0.0076413,10.2404223,0.0045121,0.0087709,0.000949776,-0.8320802,0.48694469,-0.0012576,0.00100373
0,CL,0.1120294,4.476369,-0.0076519,0.0066233,10.2108807,0.0098321,0.0164789,0.001647972,-0.8415245,0.48560614,-0.0011331,-0.0004519
1,CL,0.1902008,4.4762615,-0.0051552,0.0066862,10.2175616,0.0078636,0.0241295,0.002364171,-0.8385679,0.48465226,-0.0008863,-0.0019432
2,CL,0.2684093,4.4767568,-0.0047692,0.0067405,10.2726154,0.0076738,0.0301675,0.003067849,-0.8416106,0.48300423,-0.0006653,-0.0039489
3,CL,0.3465492,4.4795435,0.03651,0.0068704,10.4229224,0.0177947,0.0382233,0.00379227,-0.8434539,0.48816977,-0.0005469,-0.0060594
4,CL,0.4249296,4.4878739,-0.0068333,0.0072671,10.4571026,0.0089909,0.0459213,0.004536429,-0.8425507,0.49108045,-0.001104,-0.0021865
5,CL,0.5032992,4.492201,-0.0100968,0.0071288,10.5826902,0.0079654,0.0531276,0.005262496,-0.8433764,0.49704443,-0.0010794,-0.0016479
6,CL,0.58174,4.4922662,0.4626551,0.0638272,10.7250443,0.0075417,0.0592209,0.005985408,-0.8441623,0.50389146,-0.001025,-0.001182
7,CL,0.66014,4.5022283,-0.0109934,0.0067121,10.8667326,0.0095016,0.0664648,0.006703993,-0.8450129,0.51134234,-0.0009435,-0.0008431
8,CL,0.7387263,4.5048303,-0.0086171,0.0064255,11.0415041,0.0076462,0.0740009,0.007417078,-0.8460324,0.51911789,-0.0008373,-0.0006858
9,CL,0.8175514,4.5157223,-0.010007,0.0073098,11.2618363,0.0080356,0.0813086,0.008123489,-0.8473252,0.52693892,-0.0007092,-0.0007645
10,CL,0.8963745,4.5154903,-0.017351,0.0081812,11.6088178,0.0411124,0.0889173,0.008822055,-0.8489956,0.53452623,-0.0005616,-0.0011334
11,CL,0.97535,4.519425,-0.0132217,0.0066589,11.2842372,-0.0395544,0.0948652,0.009511603,-0.8511481,0.54160063,-0.0003971,-0.0018471
12,CL,1.0543947,4.5206425,-0.0199892,0.0067508,11.9251633,0.0080747,0.1018648,0.010190959,-0.8538868,0.54788293,-0.0002182,-0.0029599
13,CL,1.2584747,3.4933001,-0.0342899,-0.019292,10.8985777,-0.0756426,0.0918937,0.0091894,-0.5461072,0.5287974,-0.0328654,-0.0016178
14,CL,1.3115186,2.5314895,-0.0360396,-0.0322205,9.9714586,0.0040516,0.0624424,0.0062442,-0.1661339,0.5335795,0.0167736,0.0004712
15,CL,1.3486238,1.6132077,-0.041852,-0.0386407,9.1636233,0.0119319,0.0305127,0.0030513,0.1934937,0.5474501,0.0365882,0.0057182
16,CL,1.3651161,0.3882842,-0.0656662,-0.0411896,7.9413671,0.0042667,-0.0106534,-0.0010653,0.5149036,0.5590953,0.0212423,0.0301752
17,CL,1.3625104,-0.627271,-0.0497858,-0.0219206,6.8614973,0.0100116,-0.0458397,-0.004584,0.7334036,0.5694717,0.0711058,0.0231884
18,CL,1.3452949,-1.3164344,-0.0497999,-0.0557234,6.4697282,0.0425546,-0.0490068,-0.0049007,0.853648,0.5822859,-0.0210282,0.0311951
19,CL,1.3198645,-1.7731342,0.0226158,-0.0270087,5.9360071,-0.0112616,-0.129018,-0.0129018,0.8858111,0.598744,0.0189827,0.0443844
20,CL,1.2930202,-1.9254614,0.1187697,-0.00399,6.2973591,0.054108,-0.1373686,-0.0137369,0.8726021,0.6658752,-0.0392892,0.046292
21,CL,1.2550803,-1.9732301,-0.0956619,-0.0692214,6.4660049,-0.0313346,-0.0982305,-0.009823,0.8376352,0.6957424,-0.0190519,0.0300383
22,CL,1.2219155,-1.8593047,0.0000205,-0.0605355,6.8856138,-0.0270131,-0.0947214,-0.0094721,0.7780635,0.7379652,-0.0280914,0.033348
23,CL,1.1905853,-1.6925493,0.0132641,-0.0212438,7.876064,0.0073304,-0.0819064,-0.0081906,0.7158295,0.7783546,-0.0126884,0.0371613
24,CL,1.1634045,-1.4751743,0.00747,-0.0122428,8.6103232,0.0776396,-0.0784636,-0.0078464,0.6484475,0.8114551,-0.0222129,0.0325881
25,CL,1.139737,-1.2739783,-0.204591,0.0125419,9.2768244,0.0443875,-0.0165169,-0.0016517,0.5722531,0.8405429,-0.0356908,0.0335233
-12,CMl,0.0009746,0.0149516,-0.0165136,-0.522659,0.0119628,-0.0637343,0.0000283,4.91E-06,0.00119987,0.00098124,0.31272289,-0.0017297
-11,CMl,0.0009319,-0.002797,-0.0370744,-0.5230933,-0.0422148,-0.0529714,0.0000611,4.90E-06,0.00232361,0.00057351,0.31297661,-0.002213
-10,CMl,0.0008854,-0.0029134,-0.04227,-0.5211987,-0.0016119,-0.0463554,0.0000445,5.13E-06,0.00298872,0.00027441,0.31301236,-0.0025535
-9,CMl,0.0008303,-0.0042075,-0.0474522,-0.5182846,-0.0089604,-0.0362437,0.0000212,5.58E-06,0.00326124,7.01E-05,0.31286583,-0.0027649
-8,CMl,0.0007508,0.1015581,0.0524802,-0.5232961,0.2260424,-0.0087846,0.0002364,6.22E-06,0.00320726,-5.34E-05,0.31257273,-0.0028604
-7,CMl,0.0007093,-0.0028583,-0.057362,-0.517401,-0.015578,-0.02209,-0.0000168,7.00E-06,0.00289284,-0.0001099,0.31216876,-0.0028537
-6,CMl,0.0006718,-0.0024756,-0.0597819,-0.5147051,0.0180982,-0.0129268,0.0000976,7.90E-06,0.00238405,-0.0001132,0.31168962,-0.0027581
-5,CMl,0.0006116,-0.0035453,-0.0589913,-0.5130904,-0.0169603,-0.0019202,0.0000381,8.88E-06,0.00174694,-7.73E-05,0.31117101,-0.0025873
-4,CMl,0.0005237,0.0041142,-0.055706,-0.510452,0.0197786,0.0062554,0.0000015,9.91E-06,0.00104759,-1.60E-05,0.31064864,-0.0023546
-3,CMl,0.0004644,0.0071776,-0.0712634,-0.5068965,-0.0059376,0.0207549,0.0001907,1.07E-05,0.00065504,9.50E-05,0.30994791,-0.0020961
-2,CMl,0.0004063,0.0019775,-0.0589608,-0.5077093,-0.0019557,0.0335078,0.0000428,5.35E-06,-0.0034358,0.00010441,0.30992008,-0.0016379
-1,CMl,0.0003297,-0.0037011,-0.0836729,-0.5071539,-0.0025015,0.0421201,0.0001741,1.12E-05,-0.0012046,0.0001077,0.30943992,-0.0014165
0,CMl,0.0002675,-0.0035371,-0.0865435,-0.5084275,-0.0025046,0.0509215,0.0002311,1.40E-05,-0.0001445,8.81E-05,0.30799385,-0.0011793
1,CMl,0.0002162,-0.0035519,-0.0904934,-0.5096954,-0.0019417,0.0604967,0.0001795,2.00E-05,0.00279972,7.37E-05,0.30987263,-0.0008444
2,CMl,0.0001593,-0.0033678,-0.093603,-0.5110643,0.0007829,0.0697566,0.0000687,2.30E-05,0.00408735,-8.85E-05,0.31020545,-0.0005492
3,CMl,0.0000854,-0.0036507,-0.0935097,-0.5125456,-0.0022497,0.0786005,0.0001386,2.70E-05,0.00538192,-2.54E-05,0.3118454,-0.0002051
4,CMl,0.0000269,-0.0032945,-0.1021466,-0.5152338,-0.0016098,0.0888654,0.0001776,2.94E-05,0.00608445,-6.52E-05,0.31257579,0.00015101
5,CMl,-0.0000358,0.0221259,-0.1054067,-0.5172548,0.0236283,0.0981117,0.0001538,3.23E-05,0.00724769,-6.55E-05,0.31388118,0.00041667
6,CMl,-0.0002045,-0.0044653,0.4817579,-0.4476862,-0.0039788,0.1080995,0.0011412,3.41E-05,0.0080057,-6.21E-05,0.31506097,0.00069185
7,CMl,-0.0001431,-0.0661023,-0.1170578,-0.5360407,-0.0617838,0.1031623,0.0000715,3.45E-05,0.00821651,-5.70E-05,0.31599841,0.00098606
8,CMl,-0.0002226,-0.0039708,-0.1204749,-0.5233711,-0.0012088,0.1272734,0.0003234,3.33E-05,0.00773814,-5.19E-05,0.31657675,0.00130881
9,CMl,-0.0002975,-0.0038721,-0.12822,-0.5255528,-0.0011153,0.1366658,0.0001867,2.99E-05,0.00642865,-4.85E-05,0.31667924,0.0016696
10,CMl,-0.0003724,-0.004418,-0.1317542,-0.5279266,0.0169078,0.146379,0.0002239,2.42E-05,0.00414606,-4.87E-05,0.31618911,0.00207794
11,CMl,-0.0004546,-0.0066144,-0.1396127,-0.530238,-0.0046573,0.1568716,0.0001169,1.57E-05,0.0007484,-5.41E-05,0.31498961,0.00254333
12,CMl,-0.000539,-0.0043471,-0.140464,-0.5315537,0.1264685,0.1664985,0.0001043,4.13E-06,-0.0039063,-6.67E-05,0.31296399,0.00307527
13,CMl,-0.0004511,0.0166114,-0.085589,-0.4783022,0.0334436,0.189317,0.0009755,0.0000975,-0.005599,0.000306,0.2718307,-0.0002067
14,CMl,-0.0002784,0.019862,-0.0652318,-0.4335244,-0.1076355,0.2034217,0.0008769,0.0000877,-0.0052939,0.0003758,0.2163937,-0.0021414
15,CMl,0.0001158,0.0251451,-0.0510156,-0.3796134,0.0574314,0.2227124,0.0015975,0.0001598,-0.0078511,0.0026021,0.1846045,-0.0018736
16,CMl,0.0004423,0.0326508,-0.0317796,-0.2727084,0.0610228,0.2612324,0.0019471,0.0001947,-0.0012281,0.0004252,0.1523938,0.0010822
17,CMl,0.0008596,0.0248077,0.0065041,-0.1527888,0.1652766,0.2971552,0.0011076,0.0001108,-0.0012881,0.0111563,0.0377732,0.0036839
18,CMl,0.0012305,0.0161565,-0.0158781,-0.045795,-0.2889845,0.2984921,-0.0014842,-0.0001484,-0.0101547,0.0006122,-0.0777494,0.0026745
19,CMl,0.0013591,0.0148702,-0.028498,0.0027615,0.0377891,0.4084299,0.0000702,0.000007,0.0167198,0.0001999,-0.1144831,0.0000221
20,CMl,0.0015071,0.0041166,-0.0191292,0.0976756,-0.0505499,0.4002823,-0.0005116,-0.0000512,0.0046243,-0.0053362,-0.1746221,0.0004004
21,CMl,0.0015729,0.0039582,-0.1343319,0.1215674,0.0217939,0.4151577,0.0000248,0.0000025,-0.0113689,0.0003303,-0.2143766,-0.0044505
22,CMl,0.0016553,-0.0041954,-0.0423765,0.1503852,-0.0148826,0.4170645,-0.0002357,-0.0000236,0.0047685,-0.0009207,-0.2284865,-0.0037995
23,CMl,0.0015714,-0.0068133,-0.0714959,0.1529422,0.0113786,0.4171415,0.0005454,0.0000545,0.0048203,-0.000092,-0.2187672,-0.0054489
24,CMl,0.0015685,-0.0052072,-0.0824186,0.1475774,-0.0043501,0.4062778,-0.0003665,-0.0000366,0.0044702,-0.000696,-0.1896503,-0.0068784
25,CMl,0.0014752,-0.0035944,-0.0707537,0.1364043,-0.0041206,0.3983496,0.0010822,0.0001082,0.0050277,0.0006424,-0.2312022,-0.0070677
-12,CMm,0.2663465,-1.3898502,0.1248871,0.0070147,-18.537025,0.0165545,0.0013079,0.000377037,-0.0975083,-1.5834156,0.01218264,-0.0369659
-11,CMm,0.2387779,-1.4994341,0.0260508,-0.0005376,-19.685553,0.0831686,0.0051748,0.000187095,-0.1792262,-1.5839344,0.00676311,-0.0293255
-10,CMm,0.2116651,-1.5185152,0.0013482,-0.0052922,-18.408076,0.0064573,0.0018784,3.68E-05,-0.2325117,-1.5825965,0.00254544,-0.0226823
-9,CMm,0.1849677,-1.4851493,0.0444132,-0.0063887,-18.371132,-0.082946,0.0030876,-7.89E-05,-0.26101,-1.5796658,-0.0006009,-0.0169766
-8,CMm,0.1625603,-6.9705836,-4.7344305,0.0095306,-29.124156,-1.4511458,-0.0113901,-0.00016502,-0.2683659,-1.5754063,-0.0028066,-0.0121488
-7,CMm,0.132659,-0.7412987,-0.0702035,-0.0214915,-16.149148,-0.1209012,-0.0022998,-0.00022671,-0.2582245,-1.570082,-0.004202,-0.0081392
-6,CMm,0.1079725,-1.5979641,0.5350922,0.0396476,-17.587193,0.0601272,-0.0035489,-0.000269,-0.2342306,-1.5639569,-0.0049178,-0.0048881
-5,CMm,0.0811748,-1.7232206,0.0290269,-0.0010017,-18.360004,0.0348265,0.0040984,-0.00029696,-0.2000294,-1.5572949,-0.0050844,-0.002336
-4,CMm,0.0556238,-1.2172719,0.3073229,0.0261025,-16.923088,-0.194008,-0.0061915,-0.00031565,-0.1592658,-1.5503601,-0.0048326,-0.0004231
-3,CMm,0.0312225,-1.0971435,0.0991602,0.0087733,-17.530852,0.0401508,-0.0021399,-0.00036331,-0.1233307,-1.5420802,-0.0038847,0.00659017
-2,CMm,0.0062409,-1.5766886,0.5963168,-0.0228858,-17.596182,-0.0044257,-0.0030996,-0.00040438,-0.099799,-1.5364662,-0.0042773,0.00270116
-1,CMm,-0.0184,-1.4129095,0.0227556,-0.0043259,-17.168734,0.0047727,-0.0033711,-0.00040847,-0.0441854,-1.5320103,-0.0046346,-0.0004113
0,CMm,-0.0430708,-1.421762,0.0104143,-0.0026941,-17.137269,-0.0132679,-0.0051548,-0.00037114,0.01349927,-1.5286564,-0.005278,-0.0034192
1,CMm,-0.0680803,-1.4287182,-0.0027567,-0.0021908,-17.140062,-0.0043199,-0.0057028,-0.00047182,-0.0163753,-1.5235288,-0.0036627,-0.0062513
2,CMm,-0.0931917,-1.4307333,-0.0062446,-0.0032075,-17.225726,-0.0052244,-0.0045406,-0.00050293,-0.0039301,-1.5194942,-0.0013351,-0.0070329
3,CMm,-0.1183277,-1.4396603,-0.1158002,-0.0037013,-17.542697,-0.0356353,-0.0059669,-0.00059948,0.00838471,-1.5201666,0.00044214,-0.0077062
4,CMm,-0.1441302,-1.4717513,0.0016515,-0.0042667,-17.455791,-0.0098935,-0.0072258,-0.00059284,0.02418357,-1.5233444,0.00318149,-0.0098194
5,CMm,-0.1697989,-1.5187981,0.0161698,-0.0023138,-17.60965,-0.0015574,-0.0083794,-0.00064858,0.03383054,-1.5291338,0.00528837,-0.01164
6,CMm,-0.1962906,-1.4779827,1.3818706,0.1656644,-17.67447,0.0011301,-0.0029016,-0.00070652,0.03985664,-1.5360212,0.00680209,-0.0131635
7,CMm,-0.2228743,-1.6101241,-0.0184579,-0.0052696,-17.972863,-0.0037974,-0.0067313,-0.00076489,0.04171143,-1.5436027,0.00745577,-0.0142876
8,CMm,-0.2495351,-1.5174077,-0.0007989,-0.0232796,-17.911376,-0.0258645,-0.0080358,-0.00082194,0.03884447,-1.551474,0.00698256,-0.0149098
9,CMm,-0.2765533,-1.5360458,0.0309272,-0.0046399,-18.110867,-0.0084455,-0.0091472,-0.00087592,0.03070533,-1.5592311,0.00511558,-0.0149279
10,CMm,-0.3037345,-1.5416313,0.0223229,-0.0011128,-19.068029,-0.0023588,-0.0123723,-0.00092505,0.01674356,-1.5664699,0.00158798,-0.0142395
11,CMm,-0.331267,-1.5966949,0.0065365,-0.0038652,-18.479892,-0.0100448,-0.0078328,-0.00096758,-0.0035913,-1.5727864,-0.0038671,-0.0127422
12,CMm,-0.3592501,-1.5653216,-0.0071872,-0.0212371,-19.302216,-0.0289525,-0.0100628,-0.00100175,-0.0308496,-1.5777764,-0.0115165,-0.0103338
13,CMm,-0.4351,-1.233411,0.0322053,0.0312793,-17.7400696,-0.0164479,-0.0112799,-0.001128,0.0975455,-1.5011047,0.1062007,-0.0521239
14,CMm,-0.4564171,-0.8471261,0.301423,0.0431046,-16.7753869,-0.0222603,0.0069549,0.0006955,-0.0365759,-1.4872844,0.1152749,-0.0335534
15,CMm,-0.4694999,-0.3882841,0.0402385,0.0388149,-16.8225905,-0.0045941,0.0249698,0.002497,-0.2045959,-1.5573372,0.1114267,-0.0539793
16,CMm,-0.4753749,0.1456451,0.0995954,0.13129,-15.6759423,0.047932,0.0545029,0.0054503,-0.3367713,-1.4901966,-0.0130085,-0.0218523
17,CMm,-0.4693429,0.6701947,-0.0700573,0.0404699,-13.2100362,0.0550022,0.0798769,0.0079877,-0.3992161,-1.302566,-0.0779002,-0.0367785
18,CMm,-0.4528197,1.1406717,0.0356875,0.0387607,-14.1742919,0.1264311,0.0670768,0.0067077,-0.4466375,-1.4292202,0.0261175,-0.0416033
19,CMm,-0.4350022,1.4441368,-0.1294406,-0.0212289,-13.8196547,0.1283038,0.1355283,0.0135528,-0.5611734,-1.4084962,-0.0479951,-0.0383416
20,CMm,-0.4111022,1.4638946,-0.0240265,0.0114612,-15.0265205,-0.0018666,0.1534088,0.0153409,-0.435,-1.5373012,-0.0263478,-0.0198749
21,CMm,-0.3810281,1.6376337,-0.0485993,0.0678396,-13.0698654,0.0384815,0.1236023,0.0123602,-0.4472635,-1.3694637,-0.0457527,-0.0230337
22,CMm,-0.3552491,1.4505014,0.1265725,0.0470657,-14.6464303,-0.0418237,0.1266829,0.0126683,-0.4053056,-1.4366881,-0.0657968,-0.0042976
23,CMm,-0.3312545,1.4666823,0.2145484,0.0410745,-17.3257398,0.0372314,0.1089376,0.0108938,-0.377296,-1.3634888,-0.0902056,0.0096748
24,CMm,-0.3092409,1.385069,0.0035858,0.1058601,-13.2979756,0.0594204,0.1267296,0.012673,-0.3354862,-1.3494884,0.0047398,-0.0020182
25,CMm,-0.291261,1.3017298,0.1026884,0.0311216,-14.5284786,-0.2589752,0.0866438,0.0086644,-0.2698681,-1.36463,-0.0762774,-0.0134838
-12,CMn,-0.0009228,-0.0614475,0.0190587,0.132387,-0.0593364,-0.1065439,-0.0001774,-9.10E-06,-0.0065766,-0.00455,-0.0243621,0.08060344
-11,CMn,-0.0007815,0.0118922,0.0884082,0.1272372,-0.0330465,-0.0909154,0.000013,-8.13E-06,-0.0047412,-0.0028018,-0.0213652,0.08224639
-10,CMn,-0.0006227,0.0077768,0.0785608,0.1167307,0.0059256,-0.0943336,-0.0000256,-7.17E-06,-0.0033038,-0.0014783,-0.0187721,0.0834097
-9,CMn,-0.0004984,0.0053305,0.0781898,0.1034325,-0.0497727,-0.0997233,-0.000042,-6.25E-06,-0.0022145,-0.0005303,-0.0165413,0.08414187
-8,CMn,-0.000372,0.0127061,0.0961408,0.0872174,0.008082,-0.0923184,-0.0001081,-5.37E-06,-0.0014233,9.15E-05,-0.0146314,0.08449142
-7,CMn,-0.0002824,-0.0703881,0.0517002,0.0721811,-0.0031844,-0.1029893,-0.0000662,-4.57E-06,-0.0008802,0.00043626,-0.013001,0.08450686
-6,CMn,-0.000196,0.0003898,0.0535811,0.0639576,0.0342099,-0.0891424,0.00008,-3.85E-06,-0.0005351,0.00055337,-0.0116087,0.08423668
-5,CMn,-0.0001312,0.0080784,0.0780875,0.049299,0.0350059,-0.0857631,-0.0002287,-3.25E-06,-0.0003381,0.00049207,-0.0104131,0.08372941
-4,CMn,-0.0000972,0.0019247,0.0581093,0.0394565,0.0017352,-0.0863782,-0.0000604,-2.77E-06,-0.0002391,0.00030162,-0.0093727,0.08303354
-3,CMn,-0.000097,0.0052884,0.0622352,0.0278879,-0.0088238,-0.0881874,-0.0000219,-3.43E-06,-0.0003573,-2.09E-05,-0.0086434,0.08240859
-2,CMn,-0.0001198,0.0006032,0.0633952,0.0147816,-0.0071569,-0.0855274,0.0000184,-4.45E-06,-0.0012089,-0.0002133,-0.0075402,0.08140457
-1,CMn,-0.0001736,-0.0031693,0.0523947,0.0025546,-0.0090657,-0.084633,0.0000652,-2.43E-06,7.42E-05,-0.0002977,-0.0064869,0.0804748
0,CMn,-0.0002385,-0.0046046,0.0491064,-0.0093547,-0.0114658,-0.0840334,0.0000592,-9.40E-07,0.00082307,-0.000352,-0.0055231,0.07956245
1,CMn,-0.0003223,-0.0063623,0.0442336,-0.0212261,-0.0136225,-0.0831524,0.0000302,-9.43E-07,0.00232043,-0.0004168,-0.004643,0.07858599
2,CMn,-0.000429,-0.0073411,0.0406809,-0.0328523,-0.0148461,-0.0814679,-0.0002419,-1.07E-06,0.00272521,-0.0005867,-0.0038117,0.07740553
3,CMn,-0.0005747,-0.0083293,0.0400682,-0.0443272,-0.0157601,-0.080662,-0.0000739,-7.57E-06,0.00402578,-0.000222,-0.0029474,0.07616019
4,CMn,-0.0007279,-0.0113687,0.035993,-0.0560449,-0.0193416,-0.0796292,0.0000132,-1.15E-05,0.00438482,-0.0002269,-0.0022379,0.07536172
5,CMn,-0.000889,-0.0120349,0.0336029,-0.0672178,-0.0157886,-0.0779674,-0.0000751,-1.49E-05,0.00520428,-0.0001747,-0.0015538,0.07423431
6,CMn,-0.0010974,-0.0123663,0.1715529,-0.0620122,-0.0162472,-0.0778373,0.0001817,-1.61E-05,0.00584552,-0.0001402,-0.0009081,0.0730494
7,CMn,-0.0013043,-0.003927,0.0367864,-0.0886388,-0.0105066,-0.0782354,-0.0001497,-1.43E-05,0.00623786,-0.0001305,-0.000294,0.07180528
8,CMn,-0.0015397,-0.0130697,0.0313366,-0.101383,-0.0211916,-0.0780688,-0.0001799,-8.47E-06,0.00631062,-0.000153,0.00029505,0.07050027
9,CMn,-0.0017689,-0.0154488,0.0354792,-0.1133672,-0.022839,-0.0803638,-0.0001776,2.18E-06,0.00599312,-0.0002151,0.00086585,0.06913267
10,CMn,-0.0020329,-0.0113244,0.030441,-0.125368,-0.0150977,-0.0832968,-0.0002357,1.86E-05,0.00521467,-0.0003241,0.0014251,0.06770078
11,CMn,-0.0023559,-0.0164453,0.0367062,-0.138214,-0.0394085,-0.0831993,0.0008604,4.16E-05,0.00390458,-0.0004872,0.00197951,0.0662029
12,CMn,-0.0026847,-0.0170441,0.0357679,-0.1512666,-0.0273448,-0.0846492,0.0006856,7.20E-05,0.00199218,-0.0007119,0.00253578,0.06463733
13,CMn,-0.0035472,-0.0055072,0.0734695,-0.1676682,-0.0413139,-0.0965801,-0.0002275,-0.0000227,-0.0003595,-0.0013409,-0.0038367,0.0520227
14,CMn,-0.0038559,-0.0179246,0.0305936,-0.1721954,-0.0236936,-0.0942281,0.0000306,0.0000031,0.0006317,-0.0002588,-0.0052665,0.056381
15,CMn,-0.0040146,-0.01285,-0.0039992,-0.1989218,-0.0206486,-0.0735979,0.0003556,0.0000356,-0.0099533,-0.0023899,-0.0086318,0.0464099
16,CMn,-0.0042397,0.1065908,0.3405238,-0.0646724,0.1117615,-0.1468806,0.0004934,0.0000493,0.0406746,-0.004351,-0.0295612,0.0667001
17,CMn,-0.0036534,0.052837,0.4777687,-0.0119716,0.9462839,-0.0902839,-0.0005908,-0.0000591,-0.0224298,0.0495054,-0.0384313,0.0778935
18,CMn,-0.0035163,-0.0088735,0.4671272,0.1230256,-1.1867584,-0.2708359,-0.002805,-0.0002805,0.0157513,0.0051916,-0.0797761,0.1033092
19,CMn,-0.0037597,0.0108187,0.0117511,-0.1145292,0.1037123,-0.0348885,0.0105556,0.0010556,-0.0146448,-0.0001613,-0.09959,0.0391702
20,CMn,-0.0035231,0.0224075,0.0465849,-0.0169961,0.0671784,-0.0192938,-0.0003404,-0.000034,-0.004705,0.0052975,-0.1116859,0.0361326
21,CMn,-0.003328,0.0105448,0.0120581,0.0010453,0.0523656,-0.0138791,0.0001773,0.0000177,-0.017644,0.0004216,-0.130784,0.0388851
22,CMn,-0.0032461,0.0036568,0.0497944,0.030188,0.0159018,-0.0087836,-0.0000212,-0.0000021,-0.0041623,0.0000733,-0.1427536,0.0362194
23,CMn,-0.0031769,0.0008775,0.0668729,0.044088,0.0769794,0.0007036,0.0003423,0.0000342,-0.0056109,0.0003003,-0.1479786,0.0360182
24,CMn,-0.0031724,0.0020554,0.0581548,0.0557639,-0.0523552,-0.006664,-0.0004089,-0.0000409,-0.0058357,0.000536,-0.159485,0.0304302
25,CMn,-0.0031221,0.0025634,0.0746892,0.0711637,0.0556564,0.0022707,0.0000249,0.0000025,-0.0081033,0.0064363,-0.1592475,0.0323614
-12,CMx,-0.0009746,-0.0149516,0.0165136,0.522659,-0.0119628,0.0637343,-0.0000283,-0.0000028,-0.0022977,-0.0016213,-0.3121404,0.0010196
-11,CMx,-0.0009319,0.002797,0.0370744,0.5230933,0.0422148,0.0529714,-0.0000611,-0.0000061,-0.0005002,-0.0000652,-0.3139088,0.003011
-10,CMx,-0.0008854,0.0029134,0.04227,0.5211987,0.0016119,0.0463554,-0.0000445,-0.0000045,-0.0003958,0.0000497,-0.3122806,0.0029613
-9,CMx,-0.0008303,0.0042075,0.0474522,0.5182846,0.0089604,0.0362437,-0.0000212,-0.0000021,0.0004671,0.0000327,-0.3115793,0.0028912
-8,CMx,-0.0007508,-0.1015581,-0.0524802,0.5232961,-0.2260424,0.0087846,-0.0002364,-0.0000236,-0.0187875,-0.0000406,-0.316471,0.0023803
-7,CMx,-0.0007093,0.0028583,0.057362,0.517401,0.015578,0.02209,0.0000168,0.0000017,0.0015068,0.001226,-0.3111512,0.0026739
-6,CMx,-0.0006718,0.0024756,0.0597819,0.5147051,-0.0180982,0.0129268,-0.0000976,-0.0000098,-0.0019625,-0.0012665,-0.3110733,0.0024949
-5,CMx,-0.0006116,0.0035453,0.0589913,0.5130904,0.0169603,0.0019202,-0.0000381,-0.0000038,0.0015418,0.0000849,-0.3106345,0.0024089
-4,CMx,-0.0005237,-0.0041142,0.055706,0.510452,-0.0197786,-0.0062554,-0.0000015,-0.0000002,0.0020843,-0.0003886,-0.3102986,0.003282
-3,CMx,-0.0004644,-0.0071776,0.0712634,0.5068965,0.0059376,-0.0207549,-0.0001907,-0.0000191,-0.0005765,0.0001605,-0.3095694,0.001569
-2,CMx,-0.0004063,-0.0019775,0.0589608,0.5077093,0.0019557,-0.0335078,-0.0000428,-0.0000043,-0.00004,-0.0005007,-0.3099752,0.0016322
-1,CMx,-0.0003297,0.0037011,0.0836729,0.5071539,0.0025015,-0.0421201,-0.0001741,-0.0000174,0.0000783,0.0000615,-0.3093373,0.0013529
0,CMx,-0.0002675,0.0035371,0.0865435,0.5084275,0.0025046,-0.0509215,-0.0002311,-0.0000231,0.0001537,0.0000687,-0.3095688,0.0012104
1,CMx,-0.0002162,0.0035519,0.0904934,0.5096954,0.0019417,-0.0604967,-0.0001795,-0.0000179,0.0001225,0.0000543,-0.3097515,0.0009544
2,CMx,-0.0001593,0.0033678,0.093603,0.5110643,-0.0007829,-0.0697566,-0.0000687,-0.0000069,0.0000221,0.0000284,-0.3099119,0.0004227
3,CMx,-0.0000854,0.0036507,0.0935097,0.5125456,0.0022497,-0.0786005,-0.0001386,-0.0000139,-0.0000388,0.0000211,-0.3096221,0.0001253
4,CMx,-0.0000269,0.0032945,0.1021466,0.5152338,0.0016098,-0.0888654,-0.0001776,-0.0000178,0.0000336,0.0000219,-0.3102684,-0.0002299
5,CMx,0.0000358,-0.0221259,0.1054067,0.5172548,-0.0236283,-0.0981117,-0.0001538,-0.0000154,-0.0001799,0.0000414,-0.3138493,-0.0019314
6,CMx,0.0002045,0.0044653,-0.4817579,0.4476862,0.0039788,-0.1080995,-0.0011412,-0.0001141,-0.0542477,0.0000559,-0.3097149,0.0014143
7,CMx,0.0001431,0.0661023,0.1170578,0.5360407,0.0617838,-0.1031623,-0.0000715,-0.0000072,0.0055485,0.0001891,-0.3152253,-0.0011753
8,CMx,0.0002226,0.0039708,0.1204749,0.5233711,0.0012088,-0.1272734,-0.0003234,-0.0000323,-0.0006104,0.0000131,-0.3331746,-0.0016583
9,CMx,0.0002975,0.0038721,0.12822,0.5255528,0.0011153,-0.1366658,-0.0001867,-0.0000187,-0.0003645,0.0000145,-0.3071546,-0.0016943
10,CMx,0.0003724,0.004418,0.1317542,0.5279266,-0.0169078,-0.146379,-0.0002239,-0.0000224,-0.000156,0.0000231,-0.3213578,-0.0024412
11,CMx,0.0004546,0.0066144,0.1396127,0.530238,0.0046573,-0.1568716,-0.0001169,-0.0000117,-0.0006058,0.0001153,-0.3073823,-0.0025618
12,CMx,0.000539,0.0043471,0.140464,0.5315537,-0.1264685,-0.1664985,-0.0001043,-0.0000104,-0.0009514,0.0000384,-0.3158234,-0.0028428
13,CMx,0.0004511,-0.0166114,0.085589,0.4783022,-0.0334436,-0.189317,-0.0009755,-0.0000975,0.005599,-0.000306,-0.2718307,0.0002067
14,CMx,0.0002784,-0.019862,0.0652318,0.4335244,0.1076355,-0.2034217,-0.0008769,-0.0000877,0.0052939,-0.0003758,-0.2163937,0.0021414
15,CMx,-0.0001158,-0.0251451,0.0510156,0.3796134,-0.0574314,-0.2227124,-0.0015975,-0.0001598,0.0078511,-0.0026021,-0.1846045,0.0018736
16,CMx,-0.0004423,-0.0326508,0.0317796,0.2727084,-0.0610228,-0.2612324,-0.0019471,-0.0001947,0.0012281,-0.0004252,-0.1523938,-0.0010822
17,CMx,-0.0008596,-0.0248077,-0.0065041,0.1527888,-0.1652766,-0.2971552,-0.0011076,-0.0001108,0.0012881,-0.0111563,-0.0377732,-0.0036839
18,CMx,-0.0012305,-0.0161565,0.0158781,0.045795,0.2889845,-0.2984921,0.0014842,0.0001484,0.0101547,-0.0006122,0.0777494,-0.0026745
19,CMx,-0.0013591,-0.0148702,0.028498,-0.0027615,-0.0377891,-0.4084299,-0.0000702,-0.000007,-0.0167198,-0.0001999,0.1144831,-0.0000221
20,CMx,-0.0015071,-0.0041166,0.0191292,-0.0976756,0.0505499,-0.4002823,0.0005116,0.0000512,-0.0046243,0.0053362,0.1746221,-0.0004004
21,CMx,-0.0015729,-0.0039582,0.1343319,-0.1215674,-0.0217939,-0.4151577,-0.0000248,-0.0000025,0.0113689,-0.0003303,0.2143766,0.0044505
22,CMx,-0.0016553,0.0041954,0.0423765,-0.1503852,0.0148826,-0.4170645,0.0002357,0.0000236,-0.0047685,0.0009207,0.2284865,0.0037995
23,CMx,-0.0015714,0.0068133,0.0714959,-0.1529422,-0.0113786,-0.4171415,-0.0005454,-0.0000545,-0.0048203,0.000092,0.2187672,0.0054489
24,CMx,-0.0015685,0.0052072,0.0824186,-0.1475774,0.0043501,-0.4062778,0.0003665,0.0000366,-0.0044702,0.000696,0.1896503,0.0068784
25,CMx,-0.0014752,0.0035944,0.0707537,-0.1364043,0.0041206,-0.3983496,-0.0010822,-0.0001082,-0.0050277,-0.0006424,0.2312022,0.0070677
-12,CMy,0.2663465,-1.3898502,0.1248871,0.0070147,-18.537025,0.0165545,0.0013079,0.0001308,-0.1186131,-1.5803417,0.0161265,-0.0354421
-11,CMy,0.2387779,-1.4994341,0.0260508,-0.0005376,-19.685553,0.0831686,0.0051748,0.0005175,-0.1247661,-1.5960607,0.0005969,-0.0340002
-10,CMy,0.2116651,-1.5185152,0.0013482,-0.0052922,-18.408076,0.0064573,0.0018784,0.0001878,-0.1278896,-1.5903737,0.0019137,-0.0242117
-9,CMy,0.1849677,-1.4851493,0.0444132,-0.0063887,-18.371132,-0.082946,0.0030876,0.0003088,-0.1328208,-1.5808395,0.0024899,-0.0161821
-8,CMy,0.1625603,-6.9705836,-4.7344305,0.0095306,-29.124156,-1.4511458,-0.0113901,-0.001139,-0.8846302,-1.542546,-0.0070404,-0.0106048
-7,CMy,0.132659,-0.7412987,-0.0702035,-0.0214915,-16.149148,-0.1209012,-0.0022998,-0.00023,-0.1655997,-1.5458146,-0.0007767,0.0068991
-6,CMy,0.1079725,-1.5979641,0.5350922,0.0396476,-17.587193,0.0601272,-0.0035489,-0.0003549,-0.0909905,-1.5756502,0.0000098,0.0007382
-5,CMy,0.0811748,-1.7232206,0.0290269,-0.0010017,-18.360004,0.0348265,0.0040984,0.0004098,-0.0484144,-1.5820145,-0.0058454,-0.0247102
-4,CMy,0.0556238,-1.2172719,0.3073229,0.0261025,-16.923088,-0.194008,-0.0061915,-0.0006192,-0.1219148,-1.5561466,-0.0082842,-0.0002124
-3,CMy,0.0312225,-1.0971435,0.0991602,0.0087733,-17.530852,0.0401508,-0.0021399,-0.000214,-0.0720452,-1.5513452,0.0007749,0.001082
-2,CMy,0.0062409,-1.5766886,0.5963168,-0.0228858,-17.596182,-0.0044257,-0.0030996,-0.00031,-0.1039124,-1.5538849,-0.0164238,-0.0006423
-1,CMy,-0.0184,-1.4129095,0.0227556,-0.0043259,-17.168734,0.0047727,-0.0033711,-0.0003371,-0.0486883,-1.5202956,0.0010473,0.002217
0,CMy,-0.0430708,-1.421762,0.0104143,-0.0026941,-17.137269,-0.0132679,-0.0051548,-0.0005155,-0.0371567,-1.5148112,0.0008139,0.0040349
1,CMy,-0.0680803,-1.4287182,-0.0027567,-0.0021908,-17.140062,-0.0043199,-0.0057028,-0.0005703,-0.0280516,-1.5112703,0.0011132,0.0081694
2,CMy,-0.0931917,-1.4307333,-0.0062446,-0.0032075,-17.225726,-0.0052244,-0.0045406,-0.0004541,-0.0231045,-1.5091141,0.001593,0.0023995
3,CMy,-0.1183277,-1.4396603,-0.1158002,-0.0037013,-17.542697,-0.0356353,-0.0059669,-0.0005967,-0.0207918,-1.5154461,-0.0121064,-0.0018078
4,CMy,-0.1441302,-1.4717513,0.0016515,-0.0042667,-17.455791,-0.0098935,-0.0072258,-0.0007226,0.0370255,-1.5283586,0.0005943,-0.0031586
5,CMy,-0.1697989,-1.5187981,0.0161698,-0.0023138,-17.60965,-0.0015574,-0.0083794,-0.0008379,-0.0175567,-1.5342161,-0.0044119,-0.0867378
6,CMy,-0.1962906,-1.4779827,1.3818706,0.1656644,-17.67447,0.0011301,-0.0029016,-0.0002902,0.2434046,-1.5374243,0.0017728,0.0014828
7,CMy,-0.2228743,-1.6101241,-0.0184579,-0.0052696,-17.972863,-0.0037974,-0.0067313,-0.0006731,-0.0031654,-1.5459932,0.0096055,-0.0056211
8,CMy,-0.2495351,-1.5174077,-0.0007989,-0.0232796,-17.911376,-0.0258645,-0.0080358,-0.0008036,-0.0054268,-1.555024,0.0277117,-0.0051682
9,CMy,-0.2765533,-1.5360458,0.0309272,-0.0046399,-18.110867,-0.0084455,-0.0091472,-0.0009147,0.0014648,-1.558297,0.0011144,-0.0044301
10,CMy,-0.3037345,-1.5416313,0.0223229,-0.0011128,-19.068029,-0.0023588,-0.0123723,-0.0012372,-0.0152063,-1.5628336,-0.0031432,-0.006422
11,CMy,-0.331267,-1.5966949,0.0065365,-0.0038652,-18.479892,-0.0100448,-0.0078328,-0.0007833,0.0092042,-1.5645558,0.0039585,-0.0075387
12,CMy,-0.3592501,-1.5653216,-0.0071872,-0.0212371,-19.302216,-0.0289525,-0.0100628,-0.0010063,-0.0093267,-1.5842721,-0.018211,-0.0248429
13,CMy,-0.4351,-1.233411,0.0322053,0.0312793,-17.7400696,-0.0164479,-0.0112799,-0.001128,0.0975455,-1.5011047,0.1062007,-0.0521239
14,CMy,-0.4564171,-0.8471261,0.301423,0.0431046,-16.7753869,-0.0222603,0.0069549,0.0006955,-0.0365759,-1.4872844,0.1152749,-0.0335534
15,CMy,-0.4694999,-0.3882841,0.0402385,0.0388149,-16.8225905,-0.0045941,0.0249698,0.002497,-0.2045959,-1.5573372,0.1114267,-0.0539793
16,CMy,-0.4753749,0.1456451,0.0995954,0.13129,-15.6759423,0.047932,0.0545029,0.0054503,-0.3367713,-1.4901966,-0.0130085,-0.0218523
17,CMy,-0.4693429,0.6701947,-0.0700573,0.0404699,-13.2100362,0.0550022,0.0798769,0.0079877,-0.3992161,-1.302566,-0.0779002,-0.0367785
18,CMy,-0.4528197,1.1406717,0.0356875,0.0387607,-14.1742919,0.1264311,0.0670768,0.0067077,-0.4466375,-1.4292202,0.0261175,-0.0416033
19,CMy,-0.4350022,1.4441368,-0.1294406,-0.0212289,-13.8196547,0.1283038,0.1355283,0.0135528,-0.5611734,-1.4084962,-0.0479951,-0.0383416
20,CMy,-0.4111022,1.4638946,-0.0240265,0.0114612,-15.0265205,-0.0018666,0.1534088,0.0153409,-0.435,-1.5373012,-0.0263478,-0.0198749
21,CMy,-0.3810281,1.6376337,-0.0485993,0.0678396,-13.0698654,0.0384815,0.1236023,0.0123602,-0.4472635,-1.3694637,-0.0457527,-0.0230337
22,CMy,-0.3552491,1.4505014,0.1265725,0.0470657,-14.6464303,-0.0418237,0.1266829,0.0126683,-0.4053056,-1.4366881,-0.0657968,-0.0042976
23,CMy,-0.3312545,1.4666823,0.2145484,0.0410745,-17.3257398,0.0372314,0.1089376,0.0108938,-0.377296,-1.3634888,-0.0902056,0.0096748
24,CMy,-0.3092409,1.385069,0.0035858,0.1058601,-13.2979756,0.0594204,0.1267296,0.012673,-0.3354862,-1.3494884,0.0047398,-0.0020182
25,CMy,-0.291261,1.3017298,0.1026884,0.0311216,-14.5284786,-0.2589752,0.0866438,0.0086644,-0.2698681,-1.36463,-0.0762774,-0.0134838
-12,CMz,0.0009228,0.0614475,-0.0190587,-0.132387,0.0593364,0.1065439,0.0001774,0.0000177,0.0093386,0.0056833,0.0268324,-0.0780694
-11,CMz,0.0007815,-0.0118922,-0.0884082,-0.1272372,0.0330465,0.0909154,-0.000013,-0.0000013,0.0018051,0.0018245,0.0187769,-0.0853695
-10,CMz,0.0006227,-0.0077768,-0.0785608,-0.1167307,-0.0059256,0.0943336,0.0000256,0.0000026,0.0014637,0.0005227,0.0174962,-0.0845949
-9,CMz,0.0004984,-0.0053305,-0.0781898,-0.1034325,0.0497727,0.0997233,0.000042,0.0000042,0.0052023,0.0003479,0.0164338,-0.0842017
-8,CMz,0.000372,-0.0127061,-0.0961408,-0.0872174,-0.008082,0.0923184,0.0001081,0.0000108,-0.0036206,0.0006085,0.0148488,-0.0839243
-7,CMz,0.0002824,0.0703881,-0.0517002,-0.0721811,0.0031844,0.1029893,0.0000662,0.0000066,0.0056629,0.0011891,0.0138369,-0.0823597
-6,CMz,0.000196,-0.0003898,-0.0535811,-0.0639576,-0.0342099,0.0891424,-0.00008,-0.000008,-0.0032127,-0.0036726,0.0120685,-0.082284
-5,CMz,0.0001312,-0.0080784,-0.0780875,-0.049299,-0.0350059,0.0857631,0.0002287,0.0000229,0.0049008,0.0007228,0.010641,-0.087554
-4,CMz,0.0000972,-0.0019247,-0.0581093,-0.0394565,-0.0017352,0.0863782,0.0000604,0.000006,0.0006356,0.0003068,0.0098241,-0.0824906
-3,CMz,0.000097,-0.0052884,-0.0622352,-0.0278879,0.0088238,0.0881874,0.0000219,0.0000022,-0.0001544,0.0009566,0.0088142,-0.0814262
-2,CMz,0.0001198,-0.0006032,-0.0633952,-0.0147816,0.0071569,0.0855274,-0.0000184,-0.0000018,-0.0004008,-0.0000127,0.0073968,-0.081181
-1,CMz,0.0001736,0.0031693,-0.0523947,-0.0025546,0.0090657,0.084633,-0.0000652,-0.0000065,-0.0004883,0.000436,0.0064952,-0.0802901
0,CMz,0.0002385,0.0046046,-0.0491064,0.0093547,0.0114658,0.0840334,-0.0000592,-0.0000059,-0.0007383,0.0004217,0.0055348,-0.0794939
1,CMz,0.0003223,0.0063623,-0.0442336,0.0212261,0.0136225,0.0831524,-0.0000302,-0.000003,-0.0010668,0.0004798,0.0046087,-0.078691
2,CMz,0.000429,0.0073411,-0.0406809,0.0328523,0.0148461,0.0814679,0.0002419,0.0000242,-0.0012943,0.0004626,0.0037292,-0.0780314
3,CMz,0.0005747,0.0083293,-0.0400682,0.0443272,0.0157601,0.080662,0.0000739,0.0000074,-0.0015235,0.0004469,0.0030376,-0.0768615
4,CMz,0.0007279,0.0113687,-0.035993,0.0560449,0.0193416,0.0796292,-0.0000132,-0.0000013,-0.0026388,0.0004433,0.0021871,-0.0761695
5,CMz,0.000889,0.0120349,-0.0336029,0.0672178,0.0157886,0.0779674,0.0000751,0.0000075,-0.0020907,0.0003425,0.0016006,-0.068457
6,CMz,0.0010974,0.0123663,-0.1715529,0.0620122,0.0162472,0.0778373,-0.0001817,-0.0000182,-0.0213698,-0.0003153,0.0008077,-0.0753155
7,CMz,0.0013043,0.003927,-0.0367864,0.0886388,0.0105066,0.0782354,0.0001497,0.000015,-0.0030157,-0.0001401,0.0003044,-0.0730097
8,CMz,0.0015397,0.0130697,-0.0313366,0.101383,0.0211916,0.0780688,0.0001799,0.000018,-0.0033238,0.0000294,-0.0002202,-0.0708776
9,CMz,0.0017689,0.0154488,-0.0354792,0.1133672,0.022839,0.0803638,0.0001776,0.0000178,-0.0030423,0.0003867,-0.0012988,-0.0694337
10,CMz,0.0020329,0.0113244,-0.030441,0.125368,0.0150977,0.0832968,0.0002357,0.0000236,-0.0052842,0.0003895,-0.0014225,-0.0677991
11,CMz,0.0023559,0.0164453,-0.0367062,0.138214,0.0394085,0.0831993,-0.0008604,-0.000086,-0.0030593,0.0009328,-0.0011235,-0.0655157
12,CMz,0.0026847,0.0170441,-0.0357679,0.1512666,0.0273448,0.0846492,-0.0006856,-0.0000686,-0.0037505,0.0003844,-0.0030292,-0.0647214
13,CMz,0.0035472,0.0055072,-0.0734695,0.1676682,0.0413139,0.0965801,0.0002275,0.0000227,0.0003595,0.0013409,0.0038367,-0.0520227
14,CMz,0.0038559,0.0179246,-0.0305936,0.1721954,0.0236936,0.0942281,-0.0000306,-0.0000031,-0.0006317,0.0002588,0.0052665,-0.056381
15,CMz,0.0040146,0.01285,0.0039992,0.1989218,0.0206486,0.0735979,-0.0003556,-0.0000356,0.0099533,0.0023899,0.0086318,-0.0464099
16,CMz,0.0042397,-0.1065908,-0.3405238,0.0646724,-0.1117615,0.1468806,-0.0004934,-0.0000493,-0.0406746,0.004351,0.0295612,-0.0667001
17,CMz,0.0036534,-0.052837,-0.4777687,0.0119716,-0.9462839,0.0902839,0.0005908,0.0000591,0.0224298,-0.0495054,0.0384313,-0.0778935
18,CMz,0.0035163,0.0088735,-0.4671272,-0.1230256,1.1867584,0.2708359,0.002805,0.0002805,-0.0157513,-0.0051916,0.0797761,-0.1033092
19,CMz,0.0037597,-0.0108187,-0.0117511,0.1145292,-0.1037123,0.0348885,-0.0105556,-0.0010556,0.0146448,0.0001613,0.09959,-0.0391702
20,CMz,0.0035231,-0.0224075,-0.0465849,0.0169961,-0.0671784,0.0192938,0.0003404,0.000034,0.004705,-0.0052975,0.1116859,-0.0361326
21,CMz,0.003328,-0.0105448,-0.0120581,-0.0010453,-0.0523656,0.0138791,-0.0001773,-0.0000177,0.017644,-0.0004216,0.130784,-0.0388851
22,CMz,0.0032461,-0.0036568,-0.0497944,-0.030188,-0.0159018,0.0087836,0.0000212,0.0000021,0.0041623,-0.0000733,0.1427536,-0.0362194
23,CMz,0.0031769,-0.0008775,-0.0668729,-0.044088,-0.0769794,-0.0007036,-0.0003423,-0.0000342,0.0056109,-0.0003003,0.1479786,-0.0360182
24,CMz,0.0031724,-0.0020554,-0.0581548,-0.0557639,0.0523552,0.006664,0.0004089,0.0000409,0.0058357,-0.000536,0.159485,-0.0304302
25,CMz,0.0031221,-0.0025634,-0.0746892,-0.0711637,-0.0556564,-0.0022707,-0.0000249,-0.0000025,0.0081033,-0.0064363,0.1592475,-0.0323614
-12,CS,-0.0013494,0.0467706,-0.1793333,0.0214167,0.0758154,0.2256965,0.0035916,0.0003592,0.003272,0.0069993,0.0322871,-0.1854598
-11,CS,-0.0008833,0.0048723,-0.2265263,0.0137791,0.0026582,0.2323809,-0.000027,-0.0000027,-0.0014059,0.0026089,0.0267135,-0.1898873
-10,CS,-0.0007864,0.0036852,-0.2337257,0.0093779,0.4296382,0.2222626,-0.0001728,-0.0000173,-0.001041,0.0424549,0.0252243,-0.1900902
-9,CS,-0.0007207,0.0065594,-0.2487781,0.005276,0.0141661,0.2241946,-0.0001697,-0.000017,-0.0015013,-0.0001667,0.0241155,-0.1901712
-8,CS,-0.000645,-0.1055467,-0.3094314,0.0058617,-0.2019277,0.2304291,-0.000403,-0.0000403,-0.0199109,-0.0008817,0.0218157,-0.190001
-7,CS,-0.0004496,-0.0527687,-0.278538,0.0009107,-0.1067823,0.3253691,-0.000066,-0.0000066,0.0021165,0.0000007,0.0226981,-0.1887824
-6,CS,-0.0004389,0.0069539,-0.2376212,-0.0151168,-0.0318213,0.3388177,-0.0001055,-0.0000105,0.0575693,-0.0000288,0.0207397,-0.1889304
-5,CS,-0.0000005,-0.0732943,-0.1048173,-0.0070368,-0.2252534,0.163291,-0.0009621,-0.0000962,0.0036973,-0.0034658,0.0140533,-0.2066116
-4,CS,-0.0002127,-0.0002095,-0.2501762,-0.0225244,0.0025171,0.2298274,-0.000057,-0.0000057,0.0019397,0.0005654,0.0185493,-0.1911496
-3,CS,-0.0001203,0.0346091,-0.2463518,-0.0242918,0.0233681,0.2318856,0.0000019,0.0000002,0.0005704,0.0002629,0.0170275,-0.1884592
-2,CS,-0.0000155,0.016376,-0.1755228,-0.0317825,0.0148235,0.2417718,-0.0001418,-0.0000142,-0.0014042,0.0013877,0.0165555,-0.1891763
-1,CS,0.000106,0.0054918,-0.2988345,-0.0309763,0.0135161,0.231786,-0.0002104,-0.000021,-0.0038151,-0.0025896,0.0082334,-0.1906607
0,CS,0.0001978,0.0060592,-0.2651406,-0.0404542,0.0070243,0.2451355,-0.0001477,-0.0000148,-0.000761,0.0007173,0.0130704,-0.1872091
1,CS,0.0002909,0.0065808,-0.2629165,-0.0462739,0.0180038,0.245343,-0.0000888,-0.0000089,-0.000991,0.0007251,0.0120662,-0.1866801
2,CS,0.0003848,0.0063064,-0.2606702,-0.0527971,0.0165907,0.2480447,0.0004385,0.0000439,-0.0008795,0.0008436,0.0112455,-0.1866254
3,CS,0.0005116,0.0062337,-0.2683367,-0.059031,0.0198395,0.2521424,0.0001214,0.0000121,-0.0009331,0.0009697,0.0112914,-0.1855232
4,CS,0.0006094,0.0086608,-0.2618791,-0.0655393,0.0216207,0.2539732,-0.0001015,-0.0000102,-0.0036278,0.0010386,0.0096753,-0.1856055
5,CS,0.0006814,0.0056451,-0.2611999,-0.0722274,0.0176534,0.2568953,0.0001221,0.0000122,-0.0007617,0.0011459,0.0089679,-0.1726237
6,CS,0.0008231,0.0069608,-0.5454898,-0.1137213,0.0222545,0.2622864,-0.0004317,-0.0000432,-0.0369323,0.0011814,0.0084874,-0.1841302
7,CS,0.0009083,0.0067329,-0.2649846,-0.0871922,0.013346,0.2663729,0.000171,0.0000171,-0.001104,0.0012997,0.0078105,-0.1833827
8,CS,0.0010239,0.0043282,-0.2677045,-0.0942588,0.0145239,0.273353,0.0001839,0.0000184,-0.0013211,0.0013541,0.0070564,-0.1822396
9,CS,0.0010697,0.0062917,-0.2621524,-0.1008543,0.0122155,0.2797156,0.0001736,0.0000174,-0.0012283,0.0014733,0.0063733,-0.1809865
10,CS,0.0011632,-0.0026647,-0.2764097,-0.1068221,-0.0358167,0.210988,0.0000886,0.0000089,-0.0012932,-0.0616633,0.0054271,-0.1804324
11,CS,0.0013196,0.0041566,-0.2677984,-0.1128309,-0.3622645,0.2437531,-0.002851,-0.0002851,-0.0013723,-0.0389723,0.00415,-0.1787959
12,CS,0.0014619,0.006529,-0.2630993,-0.1167663,0.016385,0.2987286,-0.002647,-0.0002647,-0.001459,0.0015608,0.0027215,-0.179729
13,CS,0.0016109,-0.022985,-0.0953845,-0.1041406,-0.0336638,0.2876735,0.0006154,0.0000615,-0.0046797,0.0015622,-0.0157338,-0.1344244
14,CS,0.001794,0.0061817,-0.0224097,-0.0945042,0.0443728,0.2784579,0.000684,0.0000684,-0.0094294,0.0023631,-0.0336893,-0.1313509
15,CS,0.002027,0.0219648,0.0754997,-0.0355678,0.073792,0.2343395,0.0005503,0.000055,-0.0035762,0.0017357,-0.03583,-0.1166549
16,CS,0.0026629,-0.1872251,-0.6143785,-0.2771032,-0.2099418,0.4338598,0.0007676,0.0000768,-0.1091388,0.0071898,-0.0182967,-0.1688711
17,CS,0.0015922,-0.0590616,-0.993772,-0.3333805,-0.8746906,0.3613742,0.0030553,0.0003055,0.028862,0.0008736,-0.05651,-0.2114325
18,CS,0.001763,0.0410043,-0.9245216,-0.5221796,4.1881288,1.054423,0.0100973,0.0010097,0.0064756,-0.0067707,-0.0304227,-0.2708628
19,CS,0.0023646,-0.0114588,0.1351078,0.1845416,-0.2114222,0.1973272,-0.02025,-0.002025,-0.0268987,0.0016977,-0.0438984,-0.1226481
20,CS,0.0023893,-0.022652,0.1436514,-0.117921,0.0506493,0.333456,0.0035232,0.0003523,-0.008099,-0.00173,-0.0339147,-0.1292878
21,CS,0.0022224,-0.0097605,0.6936952,-0.0204375,-0.1653881,0.3286687,0.000265,0.0000265,0.0794529,0.0014114,-0.0339576,-0.1296033
22,CS,0.0021953,0.0108849,-0.0094544,-0.0675787,-0.041846,0.2674391,-0.0000299,-0.000003,-0.0083158,0.0014713,-0.025005,-0.1373894
23,CS,0.0022841,0.0102958,0.0203183,-0.0585795,0.0232071,0.3340401,-0.0000371,-0.0000037,0.0017664,0.0031082,-0.0231563,-0.14343
24,CS,0.0024236,0.0085085,0.0030817,-0.0555845,0.0493312,0.3474998,0.000035,0.0000035,-0.0000872,0.0055722,-0.0178439,-0.1445022
25,CS,0.0025879,0.0151389,0.0083596,-0.0603079,0.0876311,0.3757705,0.0012103,0.000121,0.001276,0.0070971,-0.014581,-0.134399